<archimate:ArchimateDiagramModel
    xmlns:xsi="http://www.w3.org/2001/XMLSchema-instance"
    xmlns:archimate="http://www.archimatetool.com/archimate"
    name="Rixonway"
    id="cffc0809-646d-4753-8832-d7d6b99caed4"
    viewpoint="business_process_cooperation">
  <children
      xsi:type="archimate:DiagramModelArchimateObject"
      id="f3c5b14b-4e06-4a0a-9771-6220f1c6088b">
    <sourceConnections
        xsi:type="archimate:DiagramModelArchimateConnection"
        id="8627330b-db55-49e9-9156-5a8167412fa3"
        source="f3c5b14b-4e06-4a0a-9771-6220f1c6088b"
        target="6c5ffb3f-9272-4cd6-969b-63226dc6e6a7">
      <archimateRelationship
          xsi:type="archimate:CompositionRelationship"
          href="CompositionRelationship_487e1560-567f-46e1-a246-3b35e40fc11f.xml#487e1560-567f-46e1-a246-3b35e40fc11f"/>
    </sourceConnections>
    <sourceConnections
        xsi:type="archimate:DiagramModelArchimateConnection"
        id="b7a59068-8051-47b0-bb6b-d05f79d9a850"
        source="f3c5b14b-4e06-4a0a-9771-6220f1c6088b"
        target="a2530208-85ba-4b46-9287-fc22ffac499f">
      <archimateRelationship
          xsi:type="archimate:CompositionRelationship"
          href="CompositionRelationship_b526942e-0486-4f06-80bf-b2c18c36190b.xml#b526942e-0486-4f06-80bf-b2c18c36190b"/>
    </sourceConnections>
    <sourceConnections
        xsi:type="archimate:DiagramModelArchimateConnection"
        id="fd0556c2-cbee-4efc-adcf-a8ffdaf93325"
        source="f3c5b14b-4e06-4a0a-9771-6220f1c6088b"
        target="9155ee40-ad55-4d12-a8d8-888ab0b5877e">
      <archimateRelationship
          xsi:type="archimate:CompositionRelationship"
          href="CompositionRelationship_3e1a79f9-7ed6-44e4-bf34-96844b3bd0de.xml#3e1a79f9-7ed6-44e4-bf34-96844b3bd0de"/>
    </sourceConnections>
    <sourceConnections
        xsi:type="archimate:DiagramModelArchimateConnection"
        id="4d8c1fa1-37ae-48d3-8bb1-cea224399e38"
        source="f3c5b14b-4e06-4a0a-9771-6220f1c6088b"
        target="8825c68f-fa05-49b8-aa7a-a8dea320c5a6">
      <archimateRelationship
          xsi:type="archimate:CompositionRelationship"
          href="CompositionRelationship_bfda40dd-8da6-4167-8acc-89efeb3da9e5.xml#bfda40dd-8da6-4167-8acc-89efeb3da9e5"/>
    </sourceConnections>
    <bounds
        x="444"
        y="372"
        width="505"
        height="187"/>
    <children
        xsi:type="archimate:DiagramModelArchimateObject"
        id="6c5ffb3f-9272-4cd6-969b-63226dc6e6a7"
        targetConnections="8627330b-db55-49e9-9156-5a8167412fa3">
      <bounds
          x="264"
          y="120"
          width="120"
          height="55"/>
      <archimateElement
          xsi:type="archimate:ApplicationComponent"
          href="ApplicationComponent_a89d5d23-7a66-4207-9da0-849943356a68.xml#a89d5d23-7a66-4207-9da0-849943356a68"/>
    </children>
    <children
        xsi:type="archimate:DiagramModelArchimateObject"
        id="a2530208-85ba-4b46-9287-fc22ffac499f"
        targetConnections="b7a59068-8051-47b0-bb6b-d05f79d9a850">
      <bounds
          x="264"
          y="48"
          width="120"
          height="55"/>
      <archimateElement
          xsi:type="archimate:ApplicationComponent"
          href="ApplicationComponent_b8eea5ed-f0de-4e71-bf29-aa6eb01b1a89.xml#b8eea5ed-f0de-4e71-bf29-aa6eb01b1a89"/>
    </children>
    <children
        xsi:type="archimate:DiagramModelArchimateObject"
        id="9155ee40-ad55-4d12-a8d8-888ab0b5877e"
        targetConnections="fd0556c2-cbee-4efc-adcf-a8ffdaf93325">
      <bounds
          x="96"
          y="48"
          width="120"
          height="55"/>
      <archimateElement
          xsi:type="archimate:ApplicationComponent"
          href="ApplicationComponent_89452884-2958-4607-a116-70be87067924.xml#89452884-2958-4607-a116-70be87067924"/>
    </children>
    <children
        xsi:type="archimate:DiagramModelArchimateObject"
        id="8825c68f-fa05-49b8-aa7a-a8dea320c5a6"
        targetConnections="4d8c1fa1-37ae-48d3-8bb1-cea224399e38">
      <bounds
          x="96"
          y="120"
          width="120"
          height="55"/>
      <archimateElement
          xsi:type="archimate:ApplicationComponent"
          href="ApplicationComponent_2c793b78-65a1-476a-b7b8-66866893610a.xml#2c793b78-65a1-476a-b7b8-66866893610a"/>
    </children>
    <archimateElement
        xsi:type="archimate:ApplicationComponent"
        href="ApplicationComponent_70.xml#70"/>
  </children>
  <children
      xsi:type="archimate:DiagramModelArchimateObject"
      id="7bf0d087-62ca-4003-9f12-eab477833b59">
    <bounds
        x="696"
        y="132"
        width="120"
        height="55"/>
    <archimateElement
        xsi:type="archimate:ApplicationComponent"
        href="ApplicationComponent_90.xml#90"/>
  </children>
  <children
      xsi:type="archimate:DiagramModelArchimateObject"
      id="c5e47864-0f9f-4e37-b353-8989812ca3af"
      targetConnections="7ced9cf0-19aa-4ddc-a53c-e33ca9db90e1">
    <sourceConnections
        xsi:type="archimate:DiagramModelArchimateConnection"
        id="5dee26a2-1e86-4f59-ba16-295b7a001766"
        source="c5e47864-0f9f-4e37-b353-8989812ca3af"
        target="f8d4ea49-3cd0-4f69-b641-ccfa46949586">
      <archimateRelationship
          xsi:type="archimate:FlowRelationship"
          href="FlowRelationship_62ef5766-3c72-436e-bc2c-313d86284c78.xml#62ef5766-3c72-436e-bc2c-313d86284c78"/>
    </sourceConnections>
    <bounds
        x="360"
        y="132"
        width="120"
        height="55"/>
    <archimateElement
        xsi:type="archimate:ApplicationComponent"
        href="ApplicationComponent_e631a0d6-4531-4562-b897-8b085d83dbd0.xml#e631a0d6-4531-4562-b897-8b085d83dbd0"/>
  </children>
  <children
      xsi:type="archimate:DiagramModelArchimateObject"
      id="3fbc353a-151c-4b13-bc6f-36cf60968baa"
      targetConnections="e2272715-4e5a-4636-8485-39696cfed6be 063be13c-4cd2-42bc-871d-2409d057f04c">
    <sourceConnections
        xsi:type="archimate:DiagramModelArchimateConnection"
        id="7ced9cf0-19aa-4ddc-a53c-e33ca9db90e1"
        source="3fbc353a-151c-4b13-bc6f-36cf60968baa"
        target="c5e47864-0f9f-4e37-b353-8989812ca3af">
      <archimateRelationship
          xsi:type="archimate:FlowRelationship"
          href="FlowRelationship_790f3b0c-cc56-4c70-8b83-0cade140eb60.xml#790f3b0c-cc56-4c70-8b83-0cade140eb60"/>
    </sourceConnections>
    <bounds
        x="192"
        y="132"
        width="120"
        height="55"/>
    <archimateElement
        xsi:type="archimate:ApplicationComponent"
        href="ApplicationComponent_91.xml#91"/>
  </children>
  <children
      xsi:type="archimate:DiagramModelArchimateObject"
      id="f8d4ea49-3cd0-4f69-b641-ccfa46949586"
      targetConnections="5dee26a2-1e86-4f59-ba16-295b7a001766">
    <bounds
        x="528"
        y="132"
        width="120"
        height="55"/>
    <archimateElement
        xsi:type="archimate:ApplicationComponent"
        href="ApplicationComponent_92.xml#92"/>
  </children>
  <children
      xsi:type="archimate:DiagramModelArchimateObject"
      id="456d6c02-16e6-4a56-bda8-c60de9de4f4b">
    <bounds
        x="864"
        y="132"
        width="120"
        height="55"/>
    <archimateElement
        xsi:type="archimate:ApplicationComponent"
        href="ApplicationComponent_71.xml#71"/>
  </children>
  <children
      xsi:type="archimate:DiagramModelArchimateObject"
      id="b2a7e99c-7bdd-4585-9f9f-b25f9ae4c5d1">
    <sourceConnections
        xsi:type="archimate:DiagramModelArchimateConnection"
        id="063be13c-4cd2-42bc-871d-2409d057f04c"
        source="b2a7e99c-7bdd-4585-9f9f-b25f9ae4c5d1"
        target="3fbc353a-151c-4b13-bc6f-36cf60968baa">
      <archimateRelationship
          xsi:type="archimate:FlowRelationship"
          href="FlowRelationship_a7c843e4-6164-4d88-ad8a-27504237faeb.xml#a7c843e4-6164-4d88-ad8a-27504237faeb"/>
    </sourceConnections>
    <bounds
        x="264"
        y="24"
        width="120"
        height="55"/>
    <archimateElement
        xsi:type="archimate:ApplicationComponent"
        href="ApplicationComponent_85.xml#85"/>
  </children>
  <children
      xsi:type="archimate:DiagramModelArchimateObject"
      id="81c94a09-2b97-4be9-957e-80271b17d932">
    <sourceConnections
        xsi:type="archimate:DiagramModelArchimateConnection"
        id="e2272715-4e5a-4636-8485-39696cfed6be"
        source="81c94a09-2b97-4be9-957e-80271b17d932"
        target="3fbc353a-151c-4b13-bc6f-36cf60968baa">
      <archimateRelationship
          xsi:type="archimate:FlowRelationship"
          href="FlowRelationship_0db92a8a-84c9-4ea6-97a1-7db1115dd7af.xml#0db92a8a-84c9-4ea6-97a1-7db1115dd7af"/>
    </sourceConnections>
    <bounds
        x="108"
        y="24"
        width="120"
        height="55"/>
    <archimateElement
        xsi:type="archimate:ApplicationComponent"
        href="ApplicationComponent_20d39099-18a9-44b9-9401-17aed8e24d05.xml#20d39099-18a9-44b9-9401-17aed8e24d05"/>
  </children>
  <children
      xsi:type="archimate:DiagramModelArchimateObject"
      id="79a003f5-995b-44c2-a1c1-a506276d6b5b">
    <bounds
        x="624"
        y="252"
        width="120"
        height="55"/>
    <archimateElement
        xsi:type="archimate:ApplicationComponent"
        href="ApplicationComponent_89.xml#89"/>
  </children>
</archimate:ArchimateDiagramModel>
