<archimate:ArchimateDiagramModel
    xmlns:xsi="http://www.w3.org/2001/XMLSchema-instance"
    xmlns:archimate="http://www.archimatetool.com/archimate"
    name="Gower"
    id="0464704a-f6b4-46ee-9849-bd8df12b7c1c"
    viewpoint="business_process_cooperation">
  <children
      xsi:type="archimate:DiagramModelArchimateObject"
      id="a3180fc5-97c6-4ccc-a43f-f5f99891963f">
    <sourceConnections
        xsi:type="archimate:DiagramModelArchimateConnection"
        id="0290ab1a-5914-413f-b517-d4f2afdc3328"
        source="a3180fc5-97c6-4ccc-a43f-f5f99891963f"
        target="0ca493ef-462c-4086-8da8-43b366abe1ba">
      <archimateRelationship
          xsi:type="archimate:CompositionRelationship"
          href="CompositionRelationship_22e2be57-653c-4650-8dd3-ac7361c742f1.xml#22e2be57-653c-4650-8dd3-ac7361c742f1"/>
    </sourceConnections>
    <sourceConnections
        xsi:type="archimate:DiagramModelArchimateConnection"
        id="26548ee1-d695-4138-8266-907d18d25fe2"
        source="a3180fc5-97c6-4ccc-a43f-f5f99891963f"
        target="26b160db-cf2b-465c-9509-a3a85e6bbac6">
      <archimateRelationship
          xsi:type="archimate:CompositionRelationship"
          href="CompositionRelationship_87510fb2-64dc-4ba0-b905-5ec28f758851.xml#87510fb2-64dc-4ba0-b905-5ec28f758851"/>
    </sourceConnections>
    <sourceConnections
        xsi:type="archimate:DiagramModelArchimateConnection"
        id="38044e0b-d63c-4fe0-8b58-661dff85d2c6"
        source="a3180fc5-97c6-4ccc-a43f-f5f99891963f"
        target="7c9a7113-47c9-4e49-800f-d46c9b2d7f73">
      <archimateRelationship
          xsi:type="archimate:CompositionRelationship"
          href="CompositionRelationship_d439cdad-7315-4bac-ba80-cd4dec5cf00d.xml#d439cdad-7315-4bac-ba80-cd4dec5cf00d"/>
    </sourceConnections>
    <sourceConnections
        xsi:type="archimate:DiagramModelArchimateConnection"
        id="70cac9a4-3941-402b-bd37-d9bd7a7c87aa"
        source="a3180fc5-97c6-4ccc-a43f-f5f99891963f"
        target="47bcc2ea-5c32-4d23-8fb7-e38cbbebfa22">
      <archimateRelationship
          xsi:type="archimate:CompositionRelationship"
          href="CompositionRelationship_1fbb6fe1-4de8-4257-9cfa-0df084d8dea7.xml#1fbb6fe1-4de8-4257-9cfa-0df084d8dea7"/>
    </sourceConnections>
    <sourceConnections
        xsi:type="archimate:DiagramModelArchimateConnection"
        id="6fde5c53-a01b-4425-9331-fd2e35b5e18c"
        source="a3180fc5-97c6-4ccc-a43f-f5f99891963f"
        target="3e4d4493-e88e-4e11-b92f-ea1a5f2ac9ff">
      <archimateRelationship
          xsi:type="archimate:CompositionRelationship"
          href="CompositionRelationship_1c3047dc-869e-474c-9524-a387ff1516dc.xml#1c3047dc-869e-474c-9524-a387ff1516dc"/>
    </sourceConnections>
    <sourceConnections
        xsi:type="archimate:DiagramModelArchimateConnection"
        id="b07a0b66-43d7-4637-93da-f137b04ebae0"
        source="a3180fc5-97c6-4ccc-a43f-f5f99891963f"
        target="f9a9ea58-bed7-4eb4-9019-a73460bb4aa0">
      <archimateRelationship
          xsi:type="archimate:CompositionRelationship"
          href="CompositionRelationship_cf630dda-ca42-407c-a0ee-62a08cbd889e.xml#cf630dda-ca42-407c-a0ee-62a08cbd889e"/>
    </sourceConnections>
    <bounds
        x="420"
        y="36"
        width="253"
        height="589"/>
    <children
        xsi:type="archimate:DiagramModelArchimateObject"
        id="0ca493ef-462c-4086-8da8-43b366abe1ba"
        targetConnections="0290ab1a-5914-413f-b517-d4f2afdc3328">
      <bounds
          x="72"
          y="36"
          width="120"
          height="55"/>
      <archimateElement
          xsi:type="archimate:ApplicationComponent"
          href="ApplicationComponent_9db139ca-e27b-4d6b-9a21-a26c3ef3e72a.xml#9db139ca-e27b-4d6b-9a21-a26c3ef3e72a"/>
    </children>
    <children
        xsi:type="archimate:DiagramModelArchimateObject"
        id="26b160db-cf2b-465c-9509-a3a85e6bbac6"
        targetConnections="26548ee1-d695-4138-8266-907d18d25fe2">
      <bounds
          x="72"
          y="336"
          width="120"
          height="55"/>
      <archimateElement
          xsi:type="archimate:ApplicationComponent"
          href="ApplicationComponent_62964b7b-b2eb-4379-8014-851094052158.xml#62964b7b-b2eb-4379-8014-851094052158"/>
    </children>
    <children
        xsi:type="archimate:DiagramModelArchimateObject"
        id="7c9a7113-47c9-4e49-800f-d46c9b2d7f73"
        targetConnections="38044e0b-d63c-4fe0-8b58-661dff85d2c6 0848e567-4aeb-4efb-a1d1-90ea7cc4285a">
      <sourceConnections
          xsi:type="archimate:DiagramModelArchimateConnection"
          id="686feecc-af06-4560-9339-d14e504600cb"
          source="7c9a7113-47c9-4e49-800f-d46c9b2d7f73"
          target="a05ea37a-d114-45a8-992b-bd551331e647">
        <bendpoints
            startX="-204"
            startY="-15"
            endX="211"
            endY="-16"/>
        <archimateRelationship
            xsi:type="archimate:FlowRelationship"
            href="FlowRelationship_b0cede1b-e152-4938-ac51-0d16d51acdf7.xml#b0cede1b-e152-4938-ac51-0d16d51acdf7"/>
      </sourceConnections>
      <bounds
          x="72"
          y="252"
          width="120"
          height="55"/>
      <archimateElement
          xsi:type="archimate:ApplicationComponent"
          href="ApplicationComponent_7a739921-dd50-4696-baa1-0e078de901bc.xml#7a739921-dd50-4696-baa1-0e078de901bc"/>
    </children>
    <children
        xsi:type="archimate:DiagramModelArchimateObject"
        id="47bcc2ea-5c32-4d23-8fb7-e38cbbebfa22"
        targetConnections="70cac9a4-3941-402b-bd37-d9bd7a7c87aa f1164479-98a9-4acc-9ad9-48638e701ff4">
      <sourceConnections
          xsi:type="archimate:DiagramModelArchimateConnection"
          id="a2f72f28-be08-4a54-ab8b-6a4df5c18099"
          source="47bcc2ea-5c32-4d23-8fb7-e38cbbebfa22"
          target="ee22d5ff-5845-4c33-9029-096ebcda7e10">
        <archimateRelationship
            xsi:type="archimate:FlowRelationship"
            href="FlowRelationship_f5ec22aa-6ced-40e9-b970-2736952a9bbd.xml#f5ec22aa-6ced-40e9-b970-2736952a9bbd"/>
      </sourceConnections>
      <sourceConnections
          xsi:type="archimate:DiagramModelArchimateConnection"
          id="257fc2d1-9a9c-4ce8-b34e-ce50945d1e4a"
          source="47bcc2ea-5c32-4d23-8fb7-e38cbbebfa22"
          target="e9d2b47b-8263-42d9-bcbe-5b2cc2235785">
        <bendpoints
            startX="-240"
            startY="-3"
            endX="180"
            endY="105"/>
        <bendpoints
            startX="-240"
            startY="-111"
            endX="180"
            endY="-3"/>
        <archimateRelationship
            xsi:type="archimate:FlowRelationship"
            href="FlowRelationship_69366c2c-a892-4dbe-8b9e-26f22ff30150.xml#69366c2c-a892-4dbe-8b9e-26f22ff30150"/>
      </sourceConnections>
      <bounds
          x="72"
          y="144"
          width="120"
          height="55"/>
      <archimateElement
          xsi:type="archimate:ApplicationComponent"
          href="ApplicationComponent_e48575cf-0f4b-4b9a-be55-ce42c122c2d1.xml#e48575cf-0f4b-4b9a-be55-ce42c122c2d1"/>
    </children>
    <children
        xsi:type="archimate:DiagramModelArchimateObject"
        id="3e4d4493-e88e-4e11-b92f-ea1a5f2ac9ff"
        targetConnections="6fde5c53-a01b-4425-9331-fd2e35b5e18c">
      <sourceConnections
          xsi:type="archimate:DiagramModelArchimateConnection"
          id="718a514c-49c6-4905-96c1-3c869f0539c2"
          source="3e4d4493-e88e-4e11-b92f-ea1a5f2ac9ff"
          target="c9f52291-6fb3-4431-812c-457f3c791b69">
        <archimateRelationship
            xsi:type="archimate:FlowRelationship"
            href="FlowRelationship_3a1e3a86-5706-42f1-bdcd-79937daf3a46.xml#3a1e3a86-5706-42f1-bdcd-79937daf3a46"/>
      </sourceConnections>
      <bounds
          x="72"
          y="420"
          width="120"
          height="55"/>
      <archimateElement
          xsi:type="archimate:ApplicationComponent"
          href="ApplicationComponent_ca9afe5a-0a5f-4417-8331-b983dff07b6a.xml#ca9afe5a-0a5f-4417-8331-b983dff07b6a"/>
    </children>
    <children
        xsi:type="archimate:DiagramModelArchimateObject"
        id="f9a9ea58-bed7-4eb4-9019-a73460bb4aa0"
        targetConnections="b07a0b66-43d7-4637-93da-f137b04ebae0">
      <bounds
          x="72"
          y="516"
          width="120"
          height="55"/>
      <archimateElement
          xsi:type="archimate:ApplicationComponent"
          href="ApplicationComponent_55.xml#55"/>
    </children>
    <archimateElement
        xsi:type="archimate:ApplicationComponent"
        href="ApplicationComponent_ef22218b-23a4-4413-a502-332d6b8c36fa.xml#ef22218b-23a4-4413-a502-332d6b8c36fa"/>
  </children>
  <children
      xsi:type="archimate:DiagramModelArchimateObject"
      id="7da00ace-c3af-4a14-a5cd-898a0ac5931b">
    <sourceConnections
        xsi:type="archimate:DiagramModelArchimateConnection"
        id="8107dabd-611e-4c1d-84ea-e6544efb040d"
        source="7da00ace-c3af-4a14-a5cd-898a0ac5931b"
        target="a05ea37a-d114-45a8-992b-bd551331e647">
      <archimateRelationship
          xsi:type="archimate:CompositionRelationship"
          href="CompositionRelationship_295ecde0-1a2f-434f-9b95-32d20ea800e6.xml#295ecde0-1a2f-434f-9b95-32d20ea800e6"/>
    </sourceConnections>
    <bounds
        x="53"
        y="169"
        width="152"
        height="228"/>
    <children
        xsi:type="archimate:DiagramModelArchimateObject"
        id="a05ea37a-d114-45a8-992b-bd551331e647"
        targetConnections="8107dabd-611e-4c1d-84ea-e6544efb040d 686feecc-af06-4560-9339-d14e504600cb">
      <sourceConnections
          xsi:type="archimate:DiagramModelArchimateConnection"
          id="0848e567-4aeb-4efb-a1d1-90ea7cc4285a"
          source="a05ea37a-d114-45a8-992b-bd551331e647"
          target="7c9a7113-47c9-4e49-800f-d46c9b2d7f73">
        <archimateRelationship
            xsi:type="archimate:FlowRelationship"
            href="FlowRelationship_548fb3a1-aa7c-439c-ade8-0ed976ab0c5b.xml#548fb3a1-aa7c-439c-ade8-0ed976ab0c5b"/>
      </sourceConnections>
      <bounds
          x="24"
          y="120"
          width="120"
          height="55"/>
      <archimateElement
          xsi:type="archimate:ApplicationComponent"
          href="ApplicationComponent_61.xml#61"/>
    </children>
    <archimateElement
        xsi:type="archimate:ApplicationComponent"
        href="ApplicationComponent_19.xml#19"/>
  </children>
  <children
      xsi:type="archimate:DiagramModelArchimateObject"
      id="ee22d5ff-5845-4c33-9029-096ebcda7e10"
      targetConnections="79f3324a-182d-4201-b8f9-c51ef88cace0 a2f72f28-be08-4a54-ab8b-6a4df5c18099">
    <sourceConnections
        xsi:type="archimate:DiagramModelArchimateConnection"
        id="a31e9336-4d56-4ee7-9fe4-dc21d958f6da"
        source="ee22d5ff-5845-4c33-9029-096ebcda7e10"
        target="7a8e181b-25e3-4643-9083-0f08fefa9ddf">
      <archimateRelationship
          xsi:type="archimate:FlowRelationship"
          href="FlowRelationship_1bbcd64d-5027-4c54-9c05-0d2d693112d6.xml#1bbcd64d-5027-4c54-9c05-0d2d693112d6"/>
    </sourceConnections>
    <sourceConnections
        xsi:type="archimate:DiagramModelArchimateConnection"
        id="f1164479-98a9-4acc-9ad9-48638e701ff4"
        source="ee22d5ff-5845-4c33-9029-096ebcda7e10"
        target="47bcc2ea-5c32-4d23-8fb7-e38cbbebfa22">
      <bendpoints
          startX="-156"
          startY="21"
          endX="156"
          endY="21"/>
      <archimateRelationship
          xsi:type="archimate:FlowRelationship"
          href="FlowRelationship_4e1262b1-5071-4b83-a34f-55823aa8bf6b.xml#4e1262b1-5071-4b83-a34f-55823aa8bf6b"/>
    </sourceConnections>
    <bounds
        x="804"
        y="180"
        width="120"
        height="55"/>
    <archimateElement
        xsi:type="archimate:ApplicationComponent"
        href="ApplicationComponent_60.xml#60"/>
  </children>
  <children
      xsi:type="archimate:DiagramModelArchimateObject"
      id="d518c126-d909-4c24-b36b-06548ff6e097"
      targetConnections="7c1730b8-1eee-4893-88d0-1d18369bbe50">
    <bounds
        x="816"
        y="552"
        width="120"
        height="55"/>
    <archimateElement
        xsi:type="archimate:ApplicationComponent"
        href="ApplicationComponent_59.xml#59"/>
  </children>
  <children
      xsi:type="archimate:DiagramModelArchimateObject"
      id="e9d2b47b-8263-42d9-bcbe-5b2cc2235785"
      targetConnections="257fc2d1-9a9c-4ce8-b34e-ce50945d1e4a">
    <bounds
        x="72"
        y="72"
        width="120"
        height="55"/>
    <archimateElement
        xsi:type="archimate:ApplicationComponent"
        href="ApplicationComponent_58.xml#58"/>
  </children>
  <children
      xsi:type="archimate:DiagramModelArchimateObject"
      id="c9f52291-6fb3-4431-812c-457f3c791b69"
      targetConnections="718a514c-49c6-4905-96c1-3c869f0539c2">
    <sourceConnections
        xsi:type="archimate:DiagramModelArchimateConnection"
        id="7c1730b8-1eee-4893-88d0-1d18369bbe50"
        source="c9f52291-6fb3-4431-812c-457f3c791b69"
        target="d518c126-d909-4c24-b36b-06548ff6e097">
      <archimateRelationship
          xsi:type="archimate:FlowRelationship"
          href="FlowRelationship_1a8285ec-88e8-43dc-b023-4350f4a35c80.xml#1a8285ec-88e8-43dc-b023-4350f4a35c80"/>
    </sourceConnections>
    <bounds
        x="816"
        y="456"
        width="120"
        height="55"/>
    <archimateElement
        xsi:type="archimate:ApplicationComponent"
        href="ApplicationComponent_53.xml#53"/>
  </children>
  <children
      xsi:type="archimate:DiagramModelArchimateObject"
      id="7a8e181b-25e3-4643-9083-0f08fefa9ddf"
      targetConnections="a31e9336-4d56-4ee7-9fe4-dc21d958f6da">
    <sourceConnections
        xsi:type="archimate:DiagramModelArchimateConnection"
        id="79f3324a-182d-4201-b8f9-c51ef88cace0"
        source="7a8e181b-25e3-4643-9083-0f08fefa9ddf"
        target="ee22d5ff-5845-4c33-9029-096ebcda7e10">
      <bendpoints
          startX="-136"
          startY="18"
          endX="156"
          endY="21"/>
      <archimateRelationship
          xsi:type="archimate:FlowRelationship"
          href="FlowRelationship_0766d66b-846d-48d6-99d5-3427f5c8e073.xml#0766d66b-846d-48d6-99d5-3427f5c8e073"/>
    </sourceConnections>
    <bounds
        x="1104"
        y="180"
        width="120"
        height="55"/>
    <archimateElement
        xsi:type="archimate:BusinessActor"
        href="BusinessActor_bf535adf-8f15-482a-bd48-5444e3fe2ec6.xml#bf535adf-8f15-482a-bd48-5444e3fe2ec6"/>
  </children>
</archimate:ArchimateDiagramModel>
