<archimate:ArchimateDiagramModel
    xmlns:xsi="http://www.w3.org/2001/XMLSchema-instance"
    xmlns:archimate="http://www.archimatetool.com/archimate"
    name="PIUK View"
    id="8bed36c0-974a-4e57-8ffc-0f6fe008d91d">
  <children
      xsi:type="archimate:DiagramModelArchimateObject"
      id="1cd68ccb-611c-4825-8729-d9930654ef03"
      targetConnections="463cb52f-7323-49b1-9f1e-6f0ed5323bf7 1d3fb192-6509-4b24-969a-e2a0ed6f1688 763b2fa3-0805-4dda-939d-3dccd61223be">
    <sourceConnections
        xsi:type="archimate:DiagramModelArchimateConnection"
        id="77e046ea-9115-483d-a3e7-ccfad7fb6510"
        source="1cd68ccb-611c-4825-8729-d9930654ef03"
        target="ede6fd31-1811-4598-a46b-ff4d47a0e8b8">
      <archimateRelationship
          xsi:type="archimate:FlowRelationship"
          href="FlowRelationship_73568679-3a9d-4ddc-b863-62fb380ea638.xml#73568679-3a9d-4ddc-b863-62fb380ea638"/>
    </sourceConnections>
    <sourceConnections
        xsi:type="archimate:DiagramModelArchimateConnection"
        id="1002bd98-5774-44bd-bcf8-7d7c9d42ad33"
        source="1cd68ccb-611c-4825-8729-d9930654ef03"
        target="a9ea89f6-9180-41be-abf2-f1681d9355ab">
      <archimateRelationship
          xsi:type="archimate:FlowRelationship"
          href="FlowRelationship_2858b06f-2a98-4731-9b5b-8f1d59e08ca0.xml#2858b06f-2a98-4731-9b5b-8f1d59e08ca0"/>
    </sourceConnections>
    <sourceConnections
        xsi:type="archimate:DiagramModelArchimateConnection"
        id="e4e40436-b7e2-47ea-8cd8-7b3056818029"
        source="1cd68ccb-611c-4825-8729-d9930654ef03"
        target="9fff90e0-73b4-4e6d-a09b-86cd3652c0e3">
      <archimateRelationship
          xsi:type="archimate:FlowRelationship"
          href="FlowRelationship_65850b82-ba66-4dc8-9f9a-d77e9c840120.xml#65850b82-ba66-4dc8-9f9a-d77e9c840120"/>
    </sourceConnections>
    <sourceConnections
        xsi:type="archimate:DiagramModelArchimateConnection"
        id="df5333e6-3cc1-490a-9234-7d2cf4706885"
        source="1cd68ccb-611c-4825-8729-d9930654ef03"
        target="e1d17234-2f8f-49c4-bb0d-17a3ac963928">
      <archimateRelationship
          xsi:type="archimate:FlowRelationship"
          href="FlowRelationship_0c38390f-962b-43f4-9e16-f16f5fb7cdf7.xml#0c38390f-962b-43f4-9e16-f16f5fb7cdf7"/>
    </sourceConnections>
    <bounds
        x="366"
        y="84"
        width="120"
        height="709"/>
    <archimateElement
        xsi:type="archimate:ApplicationComponent"
        href="ApplicationComponent_14.xml#14"/>
  </children>
  <children
      xsi:type="archimate:DiagramModelArchimateObject"
      id="239bbfe3-5447-41e2-a697-bd1a93315f08">
    <sourceConnections
        xsi:type="archimate:DiagramModelArchimateConnection"
        id="3f7fca8b-48b5-4b18-b644-45b2fe296f83"
        source="239bbfe3-5447-41e2-a697-bd1a93315f08"
        target="ede6fd31-1811-4598-a46b-ff4d47a0e8b8">
      <archimateRelationship
          xsi:type="archimate:AssignmentRelationship"
          href="AssignmentRelationship_865c85a5-d14b-4dce-9cb6-dbfaa9b1a37c.xml#865c85a5-d14b-4dce-9cb6-dbfaa9b1a37c"/>
    </sourceConnections>
    <sourceConnections
        xsi:type="archimate:DiagramModelArchimateConnection"
        id="c847a086-fa27-4670-9eb5-dcdd41a60db3"
        source="239bbfe3-5447-41e2-a697-bd1a93315f08"
        target="246e2f22-dda2-4345-ae99-522003a04bed">
      <archimateRelationship
          xsi:type="archimate:AssignmentRelationship"
          href="AssignmentRelationship_e233f24b-2497-444a-8c4f-a34ad28a64bc.xml#e233f24b-2497-444a-8c4f-a34ad28a64bc"/>
    </sourceConnections>
    <sourceConnections
        xsi:type="archimate:DiagramModelArchimateConnection"
        id="cc9c9107-4365-47f7-94b9-7c8f115c4ca3"
        source="239bbfe3-5447-41e2-a697-bd1a93315f08"
        target="a9ea89f6-9180-41be-abf2-f1681d9355ab">
      <archimateRelationship
          xsi:type="archimate:AssignmentRelationship"
          href="AssignmentRelationship_0eb50d11-e973-4ccf-9106-c7f1571ecf59.xml#0eb50d11-e973-4ccf-9106-c7f1571ecf59"/>
    </sourceConnections>
    <sourceConnections
        xsi:type="archimate:DiagramModelArchimateConnection"
        id="a12dc2ce-31f7-4c7c-b79b-4be7b2768c9b"
        source="239bbfe3-5447-41e2-a697-bd1a93315f08"
        target="b9933ca6-6270-4575-8941-2c04942ab240">
      <archimateRelationship
          xsi:type="archimate:AssignmentRelationship"
          href="AssignmentRelationship_eccd9a65-dd75-486e-94e7-3fdb1d6845aa.xml#eccd9a65-dd75-486e-94e7-3fdb1d6845aa"/>
    </sourceConnections>
    <sourceConnections
        xsi:type="archimate:DiagramModelArchimateConnection"
        id="25e2c6fb-b400-4679-ab74-539c24fa2313"
        source="239bbfe3-5447-41e2-a697-bd1a93315f08"
        target="18d04016-aa49-4273-bcf2-3400a7d87ee1">
      <archimateRelationship
          xsi:type="archimate:AssignmentRelationship"
          href="AssignmentRelationship_d717d46a-7fa2-40f1-b28d-4ee17af6adcf.xml#d717d46a-7fa2-40f1-b28d-4ee17af6adcf"/>
    </sourceConnections>
    <sourceConnections
        xsi:type="archimate:DiagramModelArchimateConnection"
        id="83e0b87e-d60d-48de-81fb-c31d491ab27d"
        source="239bbfe3-5447-41e2-a697-bd1a93315f08"
        target="894a4ff4-4eb4-4831-ad30-f8e7104b00f0">
      <archimateRelationship
          xsi:type="archimate:AssignmentRelationship"
          href="AssignmentRelationship_3a36a8c4-2758-45c5-9324-d312996a90d0.xml#3a36a8c4-2758-45c5-9324-d312996a90d0"/>
    </sourceConnections>
    <sourceConnections
        xsi:type="archimate:DiagramModelArchimateConnection"
        id="68c04294-0156-466b-bdd2-2a794cf20187"
        source="239bbfe3-5447-41e2-a697-bd1a93315f08"
        target="15bcece0-5306-413f-8c03-a373becd0c7a">
      <archimateRelationship
          xsi:type="archimate:AssignmentRelationship"
          href="AssignmentRelationship_88f8b40b-4284-4beb-93bb-7ee0f68a974f.xml#88f8b40b-4284-4beb-93bb-7ee0f68a974f"/>
    </sourceConnections>
    <sourceConnections
        xsi:type="archimate:DiagramModelArchimateConnection"
        id="a52b0799-3e0a-4e7f-b41e-f95ee2e6ac09"
        source="239bbfe3-5447-41e2-a697-bd1a93315f08"
        target="9b7ad88d-386f-4bee-b2e4-f89289107954">
      <archimateRelationship
          xsi:type="archimate:AssignmentRelationship"
          href="AssignmentRelationship_e4a53d03-3728-4650-9303-034399b37906.xml#e4a53d03-3728-4650-9303-034399b37906"/>
    </sourceConnections>
    <sourceConnections
        xsi:type="archimate:DiagramModelArchimateConnection"
        id="420e0730-299e-420b-b4ae-dbe38823dc6c"
        source="239bbfe3-5447-41e2-a697-bd1a93315f08"
        target="162f9ef0-da8b-4ea3-9056-bb80651c5803">
      <archimateRelationship
          xsi:type="archimate:AssignmentRelationship"
          href="AssignmentRelationship_be4913af-91b3-4f9c-9227-e41c6b058ad0.xml#be4913af-91b3-4f9c-9227-e41c6b058ad0"/>
    </sourceConnections>
    <sourceConnections
        xsi:type="archimate:DiagramModelArchimateConnection"
        id="510d2924-14f2-40ad-838a-139ceb8da520"
        source="239bbfe3-5447-41e2-a697-bd1a93315f08"
        target="595d8126-b749-4869-aeb4-3932da9b60cd">
      <archimateRelationship
          xsi:type="archimate:AssignmentRelationship"
          href="AssignmentRelationship_22d96619-566d-480c-81ec-923d45cd9f80.xml#22d96619-566d-480c-81ec-923d45cd9f80"/>
    </sourceConnections>
    <sourceConnections
        xsi:type="archimate:DiagramModelArchimateConnection"
        id="d0b9851d-bcab-4a1e-b8d2-16cb36959ea9"
        source="239bbfe3-5447-41e2-a697-bd1a93315f08"
        target="9fff90e0-73b4-4e6d-a09b-86cd3652c0e3">
      <archimateRelationship
          xsi:type="archimate:AssignmentRelationship"
          href="AssignmentRelationship_d25918f4-5b97-4916-b218-880aab722b60.xml#d25918f4-5b97-4916-b218-880aab722b60"/>
    </sourceConnections>
    <sourceConnections
        xsi:type="archimate:DiagramModelArchimateConnection"
        id="0740d065-935d-430a-ace5-e547e230bb76"
        source="239bbfe3-5447-41e2-a697-bd1a93315f08"
        target="e1d17234-2f8f-49c4-bb0d-17a3ac963928">
      <archimateRelationship
          xsi:type="archimate:AssignmentRelationship"
          href="AssignmentRelationship_8eba65f2-ccb5-4af3-aa2e-1f600a4f810f.xml#8eba65f2-ccb5-4af3-aa2e-1f600a4f810f"/>
    </sourceConnections>
    <sourceConnections
        xsi:type="archimate:DiagramModelArchimateConnection"
        id="8877f730-0046-43dd-ab40-a9487ab1841b"
        source="239bbfe3-5447-41e2-a697-bd1a93315f08"
        target="e9a3b940-f86e-4398-acb6-1132fd5c48f0">
      <archimateRelationship
          xsi:type="archimate:AssignmentRelationship"
          href="AssignmentRelationship_d541f259-9921-428d-94d9-53c963a3567a.xml#d541f259-9921-428d-94d9-53c963a3567a"/>
    </sourceConnections>
    <sourceConnections
        xsi:type="archimate:DiagramModelArchimateConnection"
        id="1197fc6e-c5e7-44a3-bb85-ba7bc8ffe6ae"
        source="239bbfe3-5447-41e2-a697-bd1a93315f08"
        target="7c205f55-89e8-43de-825a-96da63b184e2">
      <archimateRelationship
          xsi:type="archimate:AssignmentRelationship"
          href="AssignmentRelationship_ce5be541-fddb-45bd-b21c-bb983045d0c7.xml#ce5be541-fddb-45bd-b21c-bb983045d0c7"/>
    </sourceConnections>
    <bounds
        x="588"
        y="96"
        width="276"
        height="1393"/>
    <children
        xsi:type="archimate:DiagramModelArchimateObject"
        id="ede6fd31-1811-4598-a46b-ff4d47a0e8b8"
        targetConnections="77e046ea-9115-483d-a3e7-ccfad7fb6510 3f7fca8b-48b5-4b18-b644-45b2fe296f83">
      <sourceConnections
          xsi:type="archimate:DiagramModelArchimateConnection"
          id="4a69c8ac-29e3-43e5-ae89-bc76858e7aef"
          source="ede6fd31-1811-4598-a46b-ff4d47a0e8b8"
          target="6b80fe73-90f9-4623-ba77-f6deb0d11ef0">
        <archimateRelationship
            xsi:type="archimate:FlowRelationship"
            href="FlowRelationship_bc6e0b36-df5f-4a32-8b0c-a35f30aff9db.xml#bc6e0b36-df5f-4a32-8b0c-a35f30aff9db"/>
      </sourceConnections>
      <bounds
          x="85"
          y="60"
          width="120"
          height="55"/>
      <archimateElement
          xsi:type="archimate:ApplicationService"
          href="ApplicationService_2baf109e-7811-44fd-91d0-4fea8803f076.xml#2baf109e-7811-44fd-91d0-4fea8803f076"/>
    </children>
    <children
        xsi:type="archimate:DiagramModelArchimateObject"
        id="246e2f22-dda2-4345-ae99-522003a04bed"
        targetConnections="c847a086-fa27-4670-9eb5-dcdd41a60db3 e8c605c0-9205-4de8-afce-83b2524eccfd">
      <sourceConnections
          xsi:type="archimate:DiagramModelArchimateConnection"
          id="463cb52f-7323-49b1-9f1e-6f0ed5323bf7"
          source="246e2f22-dda2-4345-ae99-522003a04bed"
          target="1cd68ccb-611c-4825-8729-d9930654ef03">
        <archimateRelationship
            xsi:type="archimate:FlowRelationship"
            href="FlowRelationship_0a62b4d2-f831-41db-a596-1feeb3c166cc.xml#0a62b4d2-f831-41db-a596-1feeb3c166cc"/>
      </sourceConnections>
      <bounds
          x="85"
          y="144"
          width="120"
          height="55"/>
      <archimateElement
          xsi:type="archimate:ApplicationService"
          href="ApplicationService_465b8ff8-a796-4333-adf1-fc55fb9c7844.xml#465b8ff8-a796-4333-adf1-fc55fb9c7844"/>
    </children>
    <children
        xsi:type="archimate:DiagramModelArchimateObject"
        id="a9ea89f6-9180-41be-abf2-f1681d9355ab"
        targetConnections="cc9c9107-4365-47f7-94b9-7c8f115c4ca3 1002bd98-5774-44bd-bcf8-7d7c9d42ad33">
      <sourceConnections
          xsi:type="archimate:DiagramModelArchimateConnection"
          id="83fdfada-daa8-41ec-8c50-ad06234f4f6a"
          source="a9ea89f6-9180-41be-abf2-f1681d9355ab"
          target="73ba6a77-dae3-4a98-b1d4-8dbdfe1eede1">
        <archimateRelationship
            xsi:type="archimate:FlowRelationship"
            href="FlowRelationship_327e342c-b3ae-434a-9c01-6bf776108a00.xml#327e342c-b3ae-434a-9c01-6bf776108a00"/>
      </sourceConnections>
      <bounds
          x="84"
          y="600"
          width="120"
          height="55"/>
      <archimateElement
          xsi:type="archimate:ApplicationService"
          href="ApplicationService_8c7c6e05-5dcd-4f93-a1d3-1882aba932dd.xml#8c7c6e05-5dcd-4f93-a1d3-1882aba932dd"/>
    </children>
    <children
        xsi:type="archimate:DiagramModelArchimateObject"
        id="b9933ca6-6270-4575-8941-2c04942ab240"
        targetConnections="a12dc2ce-31f7-4c7c-b79b-4be7b2768c9b 00f29262-77c9-45ad-992e-70c4e48ae8fe">
      <sourceConnections
          xsi:type="archimate:DiagramModelArchimateConnection"
          id="113efba6-2516-4d22-a7f6-d281b69b8906"
          source="b9933ca6-6270-4575-8941-2c04942ab240"
          target="7490aa14-323e-41ca-9d1e-85c096f12c03">
        <archimateRelationship
            xsi:type="archimate:FlowRelationship"
            href="FlowRelationship_d5c78763-ea06-49af-85e3-3be4dfab1272.xml#d5c78763-ea06-49af-85e3-3be4dfab1272"/>
      </sourceConnections>
      <bounds
          x="84"
          y="708"
          width="120"
          height="55"/>
      <archimateElement
          xsi:type="archimate:ApplicationService"
          href="ApplicationService_91449278-416f-4cc4-a92e-493103bea1f7.xml#91449278-416f-4cc4-a92e-493103bea1f7"/>
    </children>
    <children
        xsi:type="archimate:DiagramModelArchimateObject"
        id="18d04016-aa49-4273-bcf2-3400a7d87ee1"
        targetConnections="25e2c6fb-b400-4679-ab74-539c24fa2313 e0ad11a0-88b9-4524-8266-7d8a014812e0">
      <sourceConnections
          xsi:type="archimate:DiagramModelArchimateConnection"
          id="e4abfc6f-aa90-46c5-80ce-4dc2c6bf3a4e"
          source="18d04016-aa49-4273-bcf2-3400a7d87ee1"
          target="259d0827-8fb4-487c-8440-8f87590442e9">
        <archimateRelationship
            xsi:type="archimate:FlowRelationship"
            href="FlowRelationship_fa849fc4-d08d-410d-b074-48f23e61b8a8.xml#fa849fc4-d08d-410d-b074-48f23e61b8a8"/>
      </sourceConnections>
      <bounds
          x="85"
          y="816"
          width="120"
          height="55"/>
      <archimateElement
          xsi:type="archimate:ApplicationService"
          href="ApplicationService_76a779c0-be71-4d9f-a04c-8556ccef96b3.xml#76a779c0-be71-4d9f-a04c-8556ccef96b3"/>
    </children>
    <children
        xsi:type="archimate:DiagramModelArchimateObject"
        id="894a4ff4-4eb4-4831-ad30-f8e7104b00f0"
        targetConnections="83e0b87e-d60d-48de-81fb-c31d491ab27d db340b6f-3c9e-4ed5-8e0e-1b8427b0f608">
      <sourceConnections
          xsi:type="archimate:DiagramModelArchimateConnection"
          id="cb9e68b3-8d3f-4d88-8483-cef107866d12"
          source="894a4ff4-4eb4-4831-ad30-f8e7104b00f0"
          target="73ba6a77-dae3-4a98-b1d4-8dbdfe1eede1">
        <bendpoints
            startX="348"
            startY="10"
            endX="-120"
            endY="306"/>
        <archimateRelationship
            xsi:type="archimate:FlowRelationship"
            href="FlowRelationship_676d39de-2249-4836-85c3-f424b32aa8f4.xml#676d39de-2249-4836-85c3-f424b32aa8f4"/>
      </sourceConnections>
      <bounds
          x="84"
          y="900"
          width="120"
          height="55"/>
      <archimateElement
          xsi:type="archimate:ApplicationService"
          href="ApplicationService_188bc054-fe5e-4e94-a011-f83543f1c874.xml#188bc054-fe5e-4e94-a011-f83543f1c874"/>
    </children>
    <children
        xsi:type="archimate:DiagramModelArchimateObject"
        id="15bcece0-5306-413f-8c03-a373becd0c7a"
        targetConnections="68c04294-0156-466b-bdd2-2a794cf20187 9a78a8e4-f7e0-424e-b5dc-4776a9e1ee10">
      <sourceConnections
          xsi:type="archimate:DiagramModelArchimateConnection"
          id="a2a8b836-f9ac-4361-91f9-9559c0105fda"
          source="15bcece0-5306-413f-8c03-a373becd0c7a"
          target="73ba6a77-dae3-4a98-b1d4-8dbdfe1eede1">
        <bendpoints
            startX="408"
            startY="10"
            endX="-60"
            endY="378"/>
        <archimateRelationship
            xsi:type="archimate:FlowRelationship"
            href="FlowRelationship_8c3437d3-d28d-408b-bd6e-cc72998c6b56.xml#8c3437d3-d28d-408b-bd6e-cc72998c6b56"/>
      </sourceConnections>
      <bounds
          x="84"
          y="972"
          width="120"
          height="55"/>
      <archimateElement
          xsi:type="archimate:ApplicationService"
          href="ApplicationService_f521b590-520e-4087-9dec-76dea08bbe70.xml#f521b590-520e-4087-9dec-76dea08bbe70"/>
    </children>
    <children
        xsi:type="archimate:DiagramModelArchimateObject"
        id="9b7ad88d-386f-4bee-b2e4-f89289107954"
        targetConnections="a52b0799-3e0a-4e7f-b41e-f95ee2e6ac09 bcaf3b1c-f9ac-44d0-824c-e3ae08f45764">
      <sourceConnections
          xsi:type="archimate:DiagramModelArchimateConnection"
          id="d930f7e8-ae62-4b13-be4f-eb1d1b6965b4"
          source="9b7ad88d-386f-4bee-b2e4-f89289107954"
          target="f58c7f9f-59af-4768-8cba-9fc04646db68">
        <archimateRelationship
            xsi:type="archimate:FlowRelationship"
            href="FlowRelationship_8ba492d7-b18c-48a6-b218-25622d6e244c.xml#8ba492d7-b18c-48a6-b218-25622d6e244c"/>
      </sourceConnections>
      <bounds
          x="84"
          y="1056"
          width="120"
          height="55"/>
      <archimateElement
          xsi:type="archimate:ApplicationService"
          href="ApplicationService_d1606b8a-ee99-4f35-8609-7b78d7184338.xml#d1606b8a-ee99-4f35-8609-7b78d7184338"/>
    </children>
    <children
        xsi:type="archimate:DiagramModelArchimateObject"
        id="162f9ef0-da8b-4ea3-9056-bb80651c5803"
        targetConnections="420e0730-299e-420b-b4ae-dbe38823dc6c af915a62-97ab-4761-8af6-62ca9f51e98d">
      <sourceConnections
          xsi:type="archimate:DiagramModelArchimateConnection"
          id="1d3fb192-6509-4b24-969a-e2a0ed6f1688"
          source="162f9ef0-da8b-4ea3-9056-bb80651c5803"
          target="1cd68ccb-611c-4825-8729-d9930654ef03">
        <archimateRelationship
            xsi:type="archimate:FlowRelationship"
            href="FlowRelationship_86948d7f-04b3-4528-8bd7-512441946c4e.xml#86948d7f-04b3-4528-8bd7-512441946c4e"/>
      </sourceConnections>
      <bounds
          x="85"
          y="228"
          width="120"
          height="55"/>
      <archimateElement
          xsi:type="archimate:ApplicationService"
          href="ApplicationService_e55a984e-58e4-4d84-abed-5615818b8fd0.xml#e55a984e-58e4-4d84-abed-5615818b8fd0"/>
    </children>
    <children
        xsi:type="archimate:DiagramModelArchimateObject"
        id="595d8126-b749-4869-aeb4-3932da9b60cd"
        targetConnections="510d2924-14f2-40ad-838a-139ceb8da520 ed8802bb-8036-4e02-ba88-bfce39d8a27e">
      <sourceConnections
          xsi:type="archimate:DiagramModelArchimateConnection"
          id="763b2fa3-0805-4dda-939d-3dccd61223be"
          source="595d8126-b749-4869-aeb4-3932da9b60cd"
          target="1cd68ccb-611c-4825-8729-d9930654ef03">
        <archimateRelationship
            xsi:type="archimate:FlowRelationship"
            href="FlowRelationship_8d1b09c3-687e-4f9c-b77f-ac50c2163cd1.xml#8d1b09c3-687e-4f9c-b77f-ac50c2163cd1"/>
      </sourceConnections>
      <bounds
          x="84"
          y="312"
          width="120"
          height="55"/>
      <archimateElement
          xsi:type="archimate:ApplicationService"
          href="ApplicationService_bd136cd9-7725-4f92-9146-4547e60f0e7a.xml#bd136cd9-7725-4f92-9146-4547e60f0e7a"/>
    </children>
    <children
        xsi:type="archimate:DiagramModelArchimateObject"
        id="9fff90e0-73b4-4e6d-a09b-86cd3652c0e3"
        targetConnections="d0b9851d-bcab-4a1e-b8d2-16cb36959ea9 e4e40436-b7e2-47ea-8cd8-7b3056818029">
      <sourceConnections
          xsi:type="archimate:DiagramModelArchimateConnection"
          id="d4afea9a-9df3-4f14-8c34-013518ca64fc"
          source="9fff90e0-73b4-4e6d-a09b-86cd3652c0e3"
          target="5daf775e-a86b-4c3f-9450-a5c7c505bc11">
        <archimateRelationship
            xsi:type="archimate:FlowRelationship"
            href="FlowRelationship_edf48ca2-817d-4c0f-b964-c19606bf42ac.xml#edf48ca2-817d-4c0f-b964-c19606bf42ac"/>
      </sourceConnections>
      <bounds
          x="85"
          y="408"
          width="120"
          height="55"/>
      <archimateElement
          xsi:type="archimate:ApplicationService"
          href="ApplicationService_d69e831d-23e7-4d68-b51e-ff9443629459.xml#d69e831d-23e7-4d68-b51e-ff9443629459"/>
    </children>
    <children
        xsi:type="archimate:DiagramModelArchimateObject"
        id="e1d17234-2f8f-49c4-bb0d-17a3ac963928"
        targetConnections="0740d065-935d-430a-ace5-e547e230bb76 df5333e6-3cc1-490a-9234-7d2cf4706885">
      <sourceConnections
          xsi:type="archimate:DiagramModelArchimateConnection"
          id="4693518d-54c3-4349-857f-4269060f40b1"
          source="e1d17234-2f8f-49c4-bb0d-17a3ac963928"
          target="5daf775e-a86b-4c3f-9450-a5c7c505bc11">
        <archimateRelationship
            xsi:type="archimate:FlowRelationship"
            href="FlowRelationship_9f947fe1-318e-46e3-88b6-5d85ff5bcb83.xml#9f947fe1-318e-46e3-88b6-5d85ff5bcb83"/>
      </sourceConnections>
      <bounds
          x="84"
          y="492"
          width="120"
          height="55"/>
      <archimateElement
          xsi:type="archimate:ApplicationService"
          href="ApplicationService_9e3dfdba-80f3-4b9a-aab6-2f07f4d285b2.xml#9e3dfdba-80f3-4b9a-aab6-2f07f4d285b2"/>
    </children>
    <children
        xsi:type="archimate:DiagramModelArchimateObject"
        id="e9a3b940-f86e-4398-acb6-1132fd5c48f0"
        targetConnections="8877f730-0046-43dd-ab40-a9487ab1841b bcfe630f-f4c2-4b9c-bfe7-e9ba5fd38346">
      <sourceConnections
          xsi:type="archimate:DiagramModelArchimateConnection"
          id="50b2920e-7ca1-4429-af06-260c7a563a07"
          source="e9a3b940-f86e-4398-acb6-1132fd5c48f0"
          target="73ba6a77-dae3-4a98-b1d4-8dbdfe1eede1">
        <bendpoints
            startX="624"
            startY="-2"
            endX="156"
            endY="642"/>
        <archimateRelationship
            xsi:type="archimate:FlowRelationship"
            href="FlowRelationship_33071db5-2b28-4323-8d71-14fe78a18112.xml#33071db5-2b28-4323-8d71-14fe78a18112"/>
      </sourceConnections>
      <bounds
          x="84"
          y="1248"
          width="120"
          height="55"/>
      <archimateElement
          xsi:type="archimate:ApplicationService"
          href="ApplicationService_67d88017-23ba-4717-829c-d06e0ffa861b.xml#67d88017-23ba-4717-829c-d06e0ffa861b"/>
    </children>
    <children
        xsi:type="archimate:DiagramModelArchimateObject"
        id="7c205f55-89e8-43de-825a-96da63b184e2"
        targetConnections="544ae2da-cc33-4669-8db4-74cf8cf1e280 1197fc6e-c5e7-44a3-bb85-ba7bc8ffe6ae">
      <sourceConnections
          xsi:type="archimate:DiagramModelArchimateConnection"
          id="f17cd130-95cf-4e6c-829b-56e3af5868d5"
          source="7c205f55-89e8-43de-825a-96da63b184e2"
          target="f58c7f9f-59af-4768-8cba-9fc04646db68">
        <archimateRelationship
            xsi:type="archimate:FlowRelationship"
            href="FlowRelationship_02812f70-295c-4483-8a6b-be24d3552c22.xml#02812f70-295c-4483-8a6b-be24d3552c22"/>
      </sourceConnections>
      <bounds
          x="84"
          y="1128"
          width="120"
          height="55"/>
      <archimateElement
          xsi:type="archimate:ApplicationService"
          href="ApplicationService_0710f622-8d6d-43c2-844b-cb857fe7999e.xml#0710f622-8d6d-43c2-844b-cb857fe7999e"/>
    </children>
    <archimateElement
        xsi:type="archimate:ApplicationComponent"
        href="ApplicationComponent_2.xml#2"/>
  </children>
  <children
      xsi:type="archimate:DiagramModelArchimateObject"
      id="32d8913a-6c06-426a-93ba-9ce290be970b"
      targetConnections="f36fe733-8b60-49a8-9129-73709dc45293">
    <sourceConnections
        xsi:type="archimate:DiagramModelArchimateConnection"
        id="966b4ba6-24f5-4c7f-8535-15b3d7621c77"
        source="32d8913a-6c06-426a-93ba-9ce290be970b"
        target="6b80fe73-90f9-4623-ba77-f6deb0d11ef0">
      <archimateRelationship
          xsi:type="archimate:CompositionRelationship"
          href="CompositionRelationship_699b790f-6a2b-4070-8a68-a3c27052c789.xml#699b790f-6a2b-4070-8a68-a3c27052c789"/>
    </sourceConnections>
    <sourceConnections
        xsi:type="archimate:DiagramModelArchimateConnection"
        id="b3980317-b21b-429b-b0b0-1b1ee9c1a11a"
        source="32d8913a-6c06-426a-93ba-9ce290be970b"
        target="6b80fe73-90f9-4623-ba77-f6deb0d11ef0">
      <archimateRelationship
          xsi:type="archimate:FlowRelationship"
          href="FlowRelationship_9bcf7200-9ac4-4313-a773-4891647c8247.xml#9bcf7200-9ac4-4313-a773-4891647c8247"/>
    </sourceConnections>
    <sourceConnections
        xsi:type="archimate:DiagramModelArchimateConnection"
        id="64dabdb3-3b90-4d8f-9b79-25e15b93e037"
        source="32d8913a-6c06-426a-93ba-9ce290be970b"
        target="73ba6a77-dae3-4a98-b1d4-8dbdfe1eede1">
      <archimateRelationship
          xsi:type="archimate:CompositionRelationship"
          href="CompositionRelationship_8cb6a823-ce7a-4fcd-828b-f4bbc28cc3d2.xml#8cb6a823-ce7a-4fcd-828b-f4bbc28cc3d2"/>
    </sourceConnections>
    <sourceConnections
        xsi:type="archimate:DiagramModelArchimateConnection"
        id="00f29262-77c9-45ad-992e-70c4e48ae8fe"
        source="32d8913a-6c06-426a-93ba-9ce290be970b"
        target="b9933ca6-6270-4575-8941-2c04942ab240">
      <archimateRelationship
          xsi:type="archimate:FlowRelationship"
          href="FlowRelationship_78e1257a-b746-4ba6-a4dc-189e9ec0b6f5.xml#78e1257a-b746-4ba6-a4dc-189e9ec0b6f5"/>
    </sourceConnections>
    <sourceConnections
        xsi:type="archimate:DiagramModelArchimateConnection"
        id="b8086fd0-9e3a-405b-b256-9ccb2f656bd3"
        source="32d8913a-6c06-426a-93ba-9ce290be970b"
        target="5daf775e-a86b-4c3f-9450-a5c7c505bc11">
      <archimateRelationship
          xsi:type="archimate:CompositionRelationship"
          href="CompositionRelationship_685b53e1-7768-4c26-ae75-2830740cd7aa.xml#685b53e1-7768-4c26-ae75-2830740cd7aa"/>
    </sourceConnections>
    <sourceConnections
        xsi:type="archimate:DiagramModelArchimateConnection"
        id="c361a5c6-7abe-4d00-8449-c40e980368d8"
        source="32d8913a-6c06-426a-93ba-9ce290be970b"
        target="5daf775e-a86b-4c3f-9450-a5c7c505bc11">
      <archimateRelationship
          xsi:type="archimate:FlowRelationship"
          href="FlowRelationship_3ec1de50-2acb-40a9-892c-19a4e08134d1.xml#3ec1de50-2acb-40a9-892c-19a4e08134d1"/>
    </sourceConnections>
    <bounds
        x="924"
        y="96"
        width="589"
        height="757"/>
    <children
        xsi:type="archimate:DiagramModelArchimateObject"
        id="6b80fe73-90f9-4623-ba77-f6deb0d11ef0"
        targetConnections="966b4ba6-24f5-4c7f-8535-15b3d7621c77 b3980317-b21b-429b-b0b0-1b1ee9c1a11a 4a69c8ac-29e3-43e5-ae89-bc76858e7aef">
      <sourceConnections
          xsi:type="archimate:DiagramModelArchimateConnection"
          id="f36fe733-8b60-49a8-9129-73709dc45293"
          source="6b80fe73-90f9-4623-ba77-f6deb0d11ef0"
          target="32d8913a-6c06-426a-93ba-9ce290be970b">
        <archimateRelationship
            xsi:type="archimate:FlowRelationship"
            href="FlowRelationship_ec60bf8e-f41b-46d3-be5b-2b0571e445a3.xml#ec60bf8e-f41b-46d3-be5b-2b0571e445a3"/>
      </sourceConnections>
      <sourceConnections
          xsi:type="archimate:DiagramModelArchimateConnection"
          id="e8c605c0-9205-4de8-afce-83b2524eccfd"
          source="6b80fe73-90f9-4623-ba77-f6deb0d11ef0"
          target="246e2f22-dda2-4345-ae99-522003a04bed">
        <archimateRelationship
            xsi:type="archimate:FlowRelationship"
            href="FlowRelationship_5468c4cd-a341-4fd8-8614-76242f269965.xml#5468c4cd-a341-4fd8-8614-76242f269965"/>
      </sourceConnections>
      <bounds
          x="60"
          y="72"
          width="120"
          height="121"/>
      <archimateElement
          xsi:type="archimate:ApplicationComponent"
          href="ApplicationComponent_29.xml#29"/>
    </children>
    <children
        xsi:type="archimate:DiagramModelArchimateObject"
        id="73ba6a77-dae3-4a98-b1d4-8dbdfe1eede1"
        targetConnections="64dabdb3-3b90-4d8f-9b79-25e15b93e037 83fdfada-daa8-41ec-8c50-ad06234f4f6a cb9e68b3-8d3f-4d88-8483-cef107866d12 a2a8b836-f9ac-4361-91f9-9559c0105fda 50b2920e-7ca1-4429-af06-260c7a563a07">
      <sourceConnections
          xsi:type="archimate:DiagramModelArchimateConnection"
          id="e0ad11a0-88b9-4524-8266-7d8a014812e0"
          source="73ba6a77-dae3-4a98-b1d4-8dbdfe1eede1"
          target="18d04016-aa49-4273-bcf2-3400a7d87ee1">
        <bendpoints
            startX="-180"
            startY="234"
            endX="288"
            endY="22"/>
        <archimateRelationship
            xsi:type="archimate:FlowRelationship"
            href="FlowRelationship_37e3c258-8537-4419-8759-ce5e37ad92e8.xml#37e3c258-8537-4419-8759-ce5e37ad92e8"/>
      </sourceConnections>
      <sourceConnections
          xsi:type="archimate:DiagramModelArchimateConnection"
          id="bcaf3b1c-f9ac-44d0-824c-e3ae08f45764"
          source="73ba6a77-dae3-4a98-b1d4-8dbdfe1eede1"
          target="9b7ad88d-386f-4bee-b2e4-f89289107954">
        <bendpoints
            startX="-12"
            startY="450"
            endX="456"
            endY="-2"/>
        <archimateRelationship
            xsi:type="archimate:FlowRelationship"
            href="FlowRelationship_64e42be7-cc28-4540-b640-a92e24302d9b.xml#64e42be7-cc28-4540-b640-a92e24302d9b"/>
      </sourceConnections>
      <sourceConnections
          xsi:type="archimate:DiagramModelArchimateConnection"
          id="544ae2da-cc33-4669-8db4-74cf8cf1e280"
          source="73ba6a77-dae3-4a98-b1d4-8dbdfe1eede1"
          target="7c205f55-89e8-43de-825a-96da63b184e2">
        <bendpoints
            startX="48"
            startY="522"
            endX="516"
            endY="-2"/>
        <archimateRelationship
            xsi:type="archimate:FlowRelationship"
            href="FlowRelationship_0e51c52b-2525-48bd-9b54-d7b0ec1a0021.xml#0e51c52b-2525-48bd-9b54-d7b0ec1a0021"/>
      </sourceConnections>
      <bounds
          x="60"
          y="576"
          width="433"
          height="109"/>
      <archimateElement
          xsi:type="archimate:ApplicationComponent"
          href="ApplicationComponent_31.xml#31"/>
    </children>
    <children
        xsi:type="archimate:DiagramModelArchimateObject"
        id="5daf775e-a86b-4c3f-9450-a5c7c505bc11"
        targetConnections="b8086fd0-9e3a-405b-b256-9ccb2f656bd3 c361a5c6-7abe-4d00-8449-c40e980368d8 d4afea9a-9df3-4f14-8c34-013518ca64fc 4693518d-54c3-4349-857f-4269060f40b1">
      <sourceConnections
          xsi:type="archimate:DiagramModelArchimateConnection"
          id="af915a62-97ab-4761-8af6-62ca9f51e98d"
          source="5daf775e-a86b-4c3f-9450-a5c7c505bc11"
          target="162f9ef0-da8b-4ea3-9056-bb80651c5803">
        <archimateRelationship
            xsi:type="archimate:FlowRelationship"
            href="FlowRelationship_ff032027-5188-4d31-9ea3-2cb70f8124db.xml#ff032027-5188-4d31-9ea3-2cb70f8124db"/>
      </sourceConnections>
      <sourceConnections
          xsi:type="archimate:DiagramModelArchimateConnection"
          id="ed8802bb-8036-4e02-ba88-bfce39d8a27e"
          source="5daf775e-a86b-4c3f-9450-a5c7c505bc11"
          target="595d8126-b749-4869-aeb4-3932da9b60cd">
        <archimateRelationship
            xsi:type="archimate:FlowRelationship"
            href="FlowRelationship_adc4abea-c656-4000-9a3e-804c09781d06.xml#adc4abea-c656-4000-9a3e-804c09781d06"/>
      </sourceConnections>
      <bounds
          x="60"
          y="204"
          width="120"
          height="337"/>
      <archimateElement
          xsi:type="archimate:ApplicationComponent"
          href="ApplicationComponent_30.xml#30"/>
    </children>
    <archimateElement
        xsi:type="archimate:ApplicationComponent"
        href="ApplicationComponent_19.xml#19"/>
  </children>
  <children
      xsi:type="archimate:DiagramModelArchimateObject"
      id="259d0827-8fb4-487c-8440-8f87590442e9"
      targetConnections="e4abfc6f-aa90-46c5-80ce-4dc2c6bf3a4e">
    <sourceConnections
        xsi:type="archimate:DiagramModelArchimateConnection"
        id="8114fb4e-f1df-457a-9153-8dc045a0db48"
        source="259d0827-8fb4-487c-8440-8f87590442e9"
        target="4a57acd6-48b4-4a7b-8eaf-2e92871f3c7d">
      <archimateRelationship
          xsi:type="archimate:FlowRelationship"
          href="FlowRelationship_222baf9a-8c42-4ff3-8091-9f14ae090e28.xml#222baf9a-8c42-4ff3-8091-9f14ae090e28"/>
    </sourceConnections>
    <bounds
        x="360"
        y="912"
        width="120"
        height="55"/>
    <archimateElement
        xsi:type="archimate:ApplicationComponent"
        href="ApplicationComponent_15.xml#15"/>
  </children>
  <children
      xsi:type="archimate:DiagramModelArchimateObject"
      id="7490aa14-323e-41ca-9d1e-85c096f12c03"
      targetConnections="113efba6-2516-4d22-a7f6-d281b69b8906">
    <bounds
        x="360"
        y="804"
        width="120"
        height="55"/>
    <archimateElement
        xsi:type="archimate:BusinessActor"
        href="BusinessActor_02d30dac-dccf-49fc-89fa-a150bf480d00.xml#02d30dac-dccf-49fc-89fa-a150bf480d00"/>
  </children>
  <children
      xsi:type="archimate:DiagramModelArchimateObject"
      id="4a57acd6-48b4-4a7b-8eaf-2e92871f3c7d"
      targetConnections="8114fb4e-f1df-457a-9153-8dc045a0db48">
    <bounds
        x="108"
        y="912"
        width="120"
        height="55"/>
    <archimateElement
        xsi:type="archimate:BusinessActor"
        href="BusinessActor_fe06eac4-0c5a-4e07-9972-ee84c0b8f2d7.xml#fe06eac4-0c5a-4e07-9972-ee84c0b8f2d7"/>
  </children>
  <children
      xsi:type="archimate:DiagramModelArchimateObject"
      id="f58c7f9f-59af-4768-8cba-9fc04646db68"
      targetConnections="d930f7e8-ae62-4b13-be4f-eb1d1b6965b4 f17cd130-95cf-4e6c-829b-56e3af5868d5">
    <sourceConnections
        xsi:type="archimate:DiagramModelArchimateConnection"
        id="db340b6f-3c9e-4ed5-8e0e-1b8427b0f608"
        source="f58c7f9f-59af-4768-8cba-9fc04646db68"
        target="894a4ff4-4eb4-4831-ad30-f8e7104b00f0">
      <archimateRelationship
          xsi:type="archimate:FlowRelationship"
          href="FlowRelationship_d94da1ab-23ee-47ea-85ad-090b44f5c56d.xml#d94da1ab-23ee-47ea-85ad-090b44f5c56d"/>
    </sourceConnections>
    <sourceConnections
        xsi:type="archimate:DiagramModelArchimateConnection"
        id="9a78a8e4-f7e0-424e-b5dc-4776a9e1ee10"
        source="f58c7f9f-59af-4768-8cba-9fc04646db68"
        target="15bcece0-5306-413f-8c03-a373becd0c7a">
      <archimateRelationship
          xsi:type="archimate:FlowRelationship"
          href="FlowRelationship_53e28a88-f459-4d87-b838-2e5955b607a0.xml#53e28a88-f459-4d87-b838-2e5955b607a0"/>
    </sourceConnections>
    <bounds
        x="354"
        y="1020"
        width="132"
        height="277"/>
    <archimateElement
        xsi:type="archimate:ApplicationComponent"
        href="ApplicationComponent_8e5042b6-c48d-4671-9a60-316b7b8fac40.xml#8e5042b6-c48d-4671-9a60-316b7b8fac40"/>
  </children>
  <children
      xsi:type="archimate:DiagramModelArchimateObject"
      id="9997a2ce-4f81-46e4-bb24-30c16cf5b56e">
    <sourceConnections
        xsi:type="archimate:DiagramModelArchimateConnection"
        id="bcfe630f-f4c2-4b9c-bfe7-e9ba5fd38346"
        source="9997a2ce-4f81-46e4-bb24-30c16cf5b56e"
        target="e9a3b940-f86e-4398-acb6-1132fd5c48f0">
      <archimateRelationship
          xsi:type="archimate:FlowRelationship"
          href="FlowRelationship_0b39726f-3096-4954-a652-b2882dde87b0.xml#0b39726f-3096-4954-a652-b2882dde87b0"/>
    </sourceConnections>
    <bounds
        x="366"
        y="1344"
        width="120"
        height="55"/>
    <archimateElement
        xsi:type="archimate:ApplicationComponent"
        href="ApplicationComponent_66.xml#66"/>
  </children>
</archimate:ArchimateDiagramModel>
